panel	dataset	source_file	ACTIVATION_CONCORDANCE	ACTIVATION_EFFECT	ATTENUATION_CONCORDANCE	ATTENUATION_EFFECT	D1_MEAN	D30_MEAN	D7_MEAN	LODO_retention	N_GENES	PEAK_TIME	QUALITY	RETURN_TOWARD_SKIN_RATIO	SKIN_MEAN	SUBTYPE_SENSITIVITY	activation	activation_concordance	activation_sign_preserved	attenuation	attenuation_concordance	attenuation_sign_preserved	donor	gene	input_type	low_cell_count_warning	module	n_fibroblast_cells	rank	rank_stability	sample_id	score	technical_flag	timepoint
B	GSE241132	06_results/gateA/PSEUDOBULK_SAMPLE_MAP.tsv																					PWH26		raw integer UMI counts	NO		724			PWH26D0			Skin
B	GSE241132	06_results/gateA/PSEUDOBULK_SAMPLE_MAP.tsv																					PWH26		raw integer UMI counts	NO		255			PWH26D1			D1
B	GSE241132	06_results/gateA/PSEUDOBULK_SAMPLE_MAP.tsv																					PWH26		raw integer UMI counts	NO		920			PWH26D7			D7
B	GSE241132	06_results/gateA/PSEUDOBULK_SAMPLE_MAP.tsv																					PWH26		raw integer UMI counts	NO		843			PWH26D30			D30
B	GSE241132	06_results/gateA/PSEUDOBULK_SAMPLE_MAP.tsv																					PWH27		raw integer UMI counts	NO		521			PWH27D0			Skin
B	GSE241132	06_results/gateA/PSEUDOBULK_SAMPLE_MAP.tsv																					PWH27		raw integer UMI counts	NO		497			PWH27D1			D1
B	GSE241132	06_results/gateA/PSEUDOBULK_SAMPLE_MAP.tsv																					PWH27		raw integer UMI counts	NO		1992			PWH27D7			D7
B	GSE241132	06_results/gateA/PSEUDOBULK_SAMPLE_MAP.tsv																					PWH27		raw integer UMI counts	NO		2096			PWH27D30			D30
B	GSE241132	06_results/gateA/PSEUDOBULK_SAMPLE_MAP.tsv																					PWH28		raw integer UMI counts	NO		907			PWH28D0			Skin
B	GSE241132	06_results/gateA/PSEUDOBULK_SAMPLE_MAP.tsv																					PWH28		raw integer UMI counts	NO		260			PWH28D1			D1
B	GSE241132	06_results/gateA/PSEUDOBULK_SAMPLE_MAP.tsv																					PWH28		raw integer UMI counts	NO		909			PWH28D7			D7
B	GSE241132	06_results/gateA/PSEUDOBULK_SAMPLE_MAP.tsv																					PWH28		raw integer UMI counts	NO		2335			PWH28D30			D30
C_D	GSE241132	06_results/gateA/A2_MODULE_METRICS.tsv	3	1.56620473374993	3	2.39577054750412	1.27158559198293	-1.12418495552119	0.147218505305265		718	D1	HIGH_QUALITY	0.529666263025087	-0.294619141767002	BOTH_MAJOR_SUBTYPES			3			3					D1_M1							
C_D	GSE241132	06_results/gateA/A2_MODULE_METRICS.tsv	3	2.37034656831763	3	1.59953215757829	1.19907362196713	-0.400458535611159	0.372657859994518		634	D1	HIGH_QUALITY	0.325190593557178	-1.1712729463505	BOTH_MAJOR_SUBTYPES			3			3					D1_M2							
C_D	GSE241132	06_results/gateA/A2_MODULE_METRICS.tsv	3	1.95016930601141	3	1.59437486012462	-0.726943500360681	-0.17054563795905	1.42382922216557		546	D7	HIGH_QUALITY	0.182442848918615	-0.52634008384584	BOTH_MAJOR_SUBTYPES			3			3					D7_M1							
C_D	GSE241132	06_results/gateA/A2_MODULE_METRICS.tsv	3	1.69702965644758	3	2.27373255660385	0.29141458845857	-1.04728334840623	1.22644920819762		444	D7	HIGH_QUALITY	0.339830771116386	-0.470580448249963	BOTH_MAJOR_SUBTYPES			3			3					D7_M2							
C_D	GSE241132	06_results/gateA/A2_MODULE_METRICS.tsv	3	2.44894335776856	3	1.252481558911	0.243528081090928	-0.099849280381457	1.15263227852954		482	D7	HIGH_QUALITY	0.488562461102462	-1.29631107923901	BOTH_MAJOR_SUBTYPES			3			3					D7_M3							
E	GSE241132	06_results/gateA/A2_MODULE_SCORES.tsv																					PWH26				D1_M1					-0.324643132504583		Skin
E	GSE241132	06_results/gateA/A2_MODULE_SCORES.tsv																					PWH26				D1_M1					1.38373184593566		D1
E	GSE241132	06_results/gateA/A2_MODULE_SCORES.tsv																					PWH26				D1_M1					-0.021516987993693		D7
E	GSE241132	06_results/gateA/A2_MODULE_SCORES.tsv																					PWH26				D1_M1					-1.03757172543739		D30
E	GSE241132	06_results/gateA/A2_MODULE_SCORES.tsv																					PWH27				D1_M1					-0.217334840797628		Skin
E	GSE241132	06_results/gateA/A2_MODULE_SCORES.tsv																					PWH27				D1_M1					1.21900169222182		D1
E	GSE241132	06_results/gateA/A2_MODULE_SCORES.tsv																					PWH27				D1_M1					0.162959975024084		D7
E	GSE241132	06_results/gateA/A2_MODULE_SCORES.tsv																					PWH27				D1_M1					-1.16462682644828		D30
E	GSE241132	06_results/gateA/A2_MODULE_SCORES.tsv																					PWH28				D1_M1					-0.341879451998796		Skin
E	GSE241132	06_results/gateA/A2_MODULE_SCORES.tsv																					PWH28				D1_M1					1.2120232377913		D1
E	GSE241132	06_results/gateA/A2_MODULE_SCORES.tsv																					PWH28				D1_M1					0.300212528885405		D7
E	GSE241132	06_results/gateA/A2_MODULE_SCORES.tsv																					PWH28				D1_M1					-1.17035631467791		D30
E	GSE241132	06_results/gateA/A2_MODULE_SCORES.tsv																					PWH26				D1_M2					-1.26976614659099		Skin
E	GSE241132	06_results/gateA/A2_MODULE_SCORES.tsv																					PWH26				D1_M2					1.40440835613046		D1
E	GSE241132	06_results/gateA/A2_MODULE_SCORES.tsv																					PWH26				D1_M2					0.245146074382485		D7
E	GSE241132	06_results/gateA/A2_MODULE_SCORES.tsv																					PWH26				D1_M2					-0.379788283921961		D30
E	GSE241132	06_results/gateA/A2_MODULE_SCORES.tsv																					PWH27				D1_M2					-1.14312306729825		Skin
E	GSE241132	06_results/gateA/A2_MODULE_SCORES.tsv																					PWH27				D1_M2					1.18198496882242		D1
E	GSE241132	06_results/gateA/A2_MODULE_SCORES.tsv																					PWH27				D1_M2					0.370556421404216		D7
E	GSE241132	06_results/gateA/A2_MODULE_SCORES.tsv																					PWH27				D1_M2					-0.409418322928389		D30
E	GSE241132	06_results/gateA/A2_MODULE_SCORES.tsv																					PWH28				D1_M2					-1.10092962516225		Skin
E	GSE241132	06_results/gateA/A2_MODULE_SCORES.tsv																					PWH28				D1_M2					1.01082754094852		D1
E	GSE241132	06_results/gateA/A2_MODULE_SCORES.tsv																					PWH28				D1_M2					0.502271084196854		D7
E	GSE241132	06_results/gateA/A2_MODULE_SCORES.tsv																					PWH28				D1_M2					-0.412168999983127		D30
E	GSE241132	06_results/gateA/A2_MODULE_SCORES.tsv																					PWH26				D7_M1					-0.592561805995086		Skin
E	GSE241132	06_results/gateA/A2_MODULE_SCORES.tsv																					PWH26				D7_M1					-0.73215540215584		D1
E	GSE241132	06_results/gateA/A2_MODULE_SCORES.tsv																					PWH26				D7_M1					1.41575450728113		D7
E	GSE241132	06_results/gateA/A2_MODULE_SCORES.tsv																					PWH26				D7_M1					-0.0910372991302024		D30
E	GSE241132	06_results/gateA/A2_MODULE_SCORES.tsv																					PWH27				D7_M1					-0.362428779109733		Skin
E	GSE241132	06_results/gateA/A2_MODULE_SCORES.tsv																					PWH27				D7_M1					-0.741105526150732		D1
E	GSE241132	06_results/gateA/A2_MODULE_SCORES.tsv																					PWH27				D7_M1					1.38689106926576		D7
E	GSE241132	06_results/gateA/A2_MODULE_SCORES.tsv																					PWH27				D7_M1					-0.283356764005293		D30
E	GSE241132	06_results/gateA/A2_MODULE_SCORES.tsv																					PWH28				D7_M1					-0.624029666432699		Skin
E	GSE241132	06_results/gateA/A2_MODULE_SCORES.tsv																					PWH28				D7_M1					-0.707569572775471		D1
E	GSE241132	06_results/gateA/A2_MODULE_SCORES.tsv																					PWH28				D7_M1					1.46884208994983		D7
E	GSE241132	06_results/gateA/A2_MODULE_SCORES.tsv																					PWH28				D7_M1					-0.137242850741656		D30
E	GSE241132	06_results/gateA/A2_MODULE_SCORES.tsv																					PWH26				D7_M2					-0.386159187457346		Skin
E	GSE241132	06_results/gateA/A2_MODULE_SCORES.tsv																					PWH26				D7_M2					0.277789941944756		D1
E	GSE241132	06_results/gateA/A2_MODULE_SCORES.tsv																					PWH26				D7_M2					1.18434552839193		D7
E	GSE241132	06_results/gateA/A2_MODULE_SCORES.tsv																					PWH26				D7_M2					-1.07597628287934		D30
E	GSE241132	06_results/gateA/A2_MODULE_SCORES.tsv																					PWH27				D7_M2					-0.363012665964844		Skin
E	GSE241132	06_results/gateA/A2_MODULE_SCORES.tsv																					PWH27				D7_M2					0.182989798241316		D1
E	GSE241132	06_results/gateA/A2_MODULE_SCORES.tsv																					PWH27				D7_M2					1.18187909148355		D7
E	GSE241132	06_results/gateA/A2_MODULE_SCORES.tsv																					PWH27				D7_M2					-1.00185622376002		D30
E	GSE241132	06_results/gateA/A2_MODULE_SCORES.tsv																					PWH28				D7_M2					-0.662569491327698		Skin
E	GSE241132	06_results/gateA/A2_MODULE_SCORES.tsv																					PWH28				D7_M2					0.41346402518964		D1
E	GSE241132	06_results/gateA/A2_MODULE_SCORES.tsv																					PWH28				D7_M2					1.31312300471738		D7
E	GSE241132	06_results/gateA/A2_MODULE_SCORES.tsv																					PWH28				D7_M2					-1.06401753857933		D30
E	GSE241132	06_results/gateA/A2_MODULE_SCORES.tsv																					PWH26				D7_M3					-1.35693129355239		Skin
E	GSE241132	06_results/gateA/A2_MODULE_SCORES.tsv																					PWH26				D7_M3					0.348809111424398		D1
E	GSE241132	06_results/gateA/A2_MODULE_SCORES.tsv																					PWH26				D7_M3					1.13929374349551		D7
E	GSE241132	06_results/gateA/A2_MODULE_SCORES.tsv																					PWH26				D7_M3					-0.131171561367519		D30
E	GSE241132	06_results/gateA/A2_MODULE_SCORES.tsv																					PWH27				D7_M3					-1.26481992352798		Skin
E	GSE241132	06_results/gateA/A2_MODULE_SCORES.tsv																					PWH27				D7_M3					0.212592292461674		D1
E	GSE241132	06_results/gateA/A2_MODULE_SCORES.tsv																					PWH27				D7_M3					1.14735056447069		D7
E	GSE241132	06_results/gateA/A2_MODULE_SCORES.tsv																					PWH27				D7_M3					-0.0951229334043836		D30
E	GSE241132	06_results/gateA/A2_MODULE_SCORES.tsv																					PWH28				D7_M3					-1.26718202063667		Skin
E	GSE241132	06_results/gateA/A2_MODULE_SCORES.tsv																					PWH28				D7_M3					0.16918283938671		D1
E	GSE241132	06_results/gateA/A2_MODULE_SCORES.tsv																					PWH28				D7_M3					1.17125252762243		D7
E	GSE241132	06_results/gateA/A2_MODULE_SCORES.tsv																					PWH28				D7_M3					-0.0732533463724684		D30
F	GSE241132	06_results/gateA/TWPS_PRIMARY_D7_M3_CORE100.tsv								3							5.96180012243884	3		3.24378612033459	3			BAALC			D7_M3		1	0.999928209607593			NO	
F	GSE241132	06_results/gateA/TWPS_PRIMARY_D7_M3_CORE100.tsv								3							5.07979583633149	3		3.46200298652313	3			IL11			D7_M3		2	0.998141742550566			NO	
F	GSE241132	06_results/gateA/TWPS_PRIMARY_D7_M3_CORE100.tsv								3							5.42794669438853	3		3.0086058115074	3			PPP1R14B			D7_M3		3	0.998833858053696			NO	
F	GSE241132	06_results/gateA/TWPS_PRIMARY_D7_M3_CORE100.tsv								3							4.806114114017	3		3.22995815771404	3			CCL20			D7_M3		4	0.998472826348045			NO	
F	GSE241132	06_results/gateA/TWPS_PRIMARY_D7_M3_CORE100.tsv								3							5.11005684849366	3		3.01568580472205	3			RARRES1			D7_M3		5	0.993206907651168			NO	
F	GSE241132	06_results/gateA/TWPS_PRIMARY_D7_M3_CORE100.tsv								3							4.98823034562151	3		2.4833298744064	3			LINC01050			D7_M3		6	0.99780538677503			NO	
F	GSE241132	06_results/gateA/TWPS_PRIMARY_D7_M3_CORE100.tsv								3							4.98736258827421	3		2.44526096658752	3			CDKN3			D7_M3		7	0.998735054165964			NO	
F	GSE241132	06_results/gateA/TWPS_PRIMARY_D7_M3_CORE100.tsv								3							3.61516837394323	3		3.22246526616457	3			E2F7			D7_M3		8	0.997427471545543			NO	
F	GSE241132	06_results/gateA/TWPS_PRIMARY_D7_M3_CORE100.tsv								3							5.45031984011469	3		2.10544471364064	3			IL23A			D7_M3		9	0.991194076375318			NO	
F	GSE241132	06_results/gateA/TWPS_PRIMARY_D7_M3_CORE100.tsv								3							4.9366569279205	3		2.34319280549532	3			SPHK1			D7_M3		10	0.997788298966819			NO	
F	GSE241132	06_results/gateA/TWPS_PRIMARY_D7_M3_CORE100.tsv								3							3.4731693883104	3		3.01781539690059	3			DCLK3			D7_M3		11	0.97537691728554			NO	
F	GSE241132	06_results/gateA/TWPS_PRIMARY_D7_M3_CORE100.tsv								3							3.96453185988378	3		2.50973579534776	3			UHRF1			D7_M3		12	0.995416906413141			NO	
F	GSE241132	06_results/gateA/TWPS_PRIMARY_D7_M3_CORE100.tsv								3							5.42446409654194	3		1.57678411620679	3			SPOCD1			D7_M3		13	0.995966573965225			NO	
F	GSE241132	06_results/gateA/TWPS_PRIMARY_D7_M3_CORE100.tsv								3							3.75635814524998	3		2.51134828689381	3			AVEN			D7_M3		14	0.997006114103584			NO	
F	GSE241132	06_results/gateA/TWPS_PRIMARY_D7_M3_CORE100.tsv								3							3.79910406961028	3		2.28939519567405	3			SRM			D7_M3		15	0.999455237939539			NO	
F	GSE241132	06_results/gateA/TWPS_PRIMARY_D7_M3_CORE100.tsv								3							3.19671053249159	3		2.61257555794655	3			GINS2			D7_M3		16	0.996895400638563			NO	
F	GSE241132	06_results/gateA/TWPS_PRIMARY_D7_M3_CORE100.tsv								3							4.02144119876135	3		2.08313830874364	3			HMGA2			D7_M3		17	0.995218576155143			NO	
F	GSE241132	06_results/gateA/TWPS_PRIMARY_D7_M3_CORE100.tsv								3							3.65703703752416	3		2.25089074563788	3			COTL1			D7_M3		18	0.997837616550686			NO	
F	GSE241132	06_results/gateA/TWPS_PRIMARY_D7_M3_CORE100.tsv								3							3.74132259115583	3		2.10832773552015	3			METRN			D7_M3		19	0.997336731812123			NO	
F	GSE241132	06_results/gateA/TWPS_PRIMARY_D7_M3_CORE100.tsv								3							5.11931457951759	3		1.07022474410749	3			BCAT1			D7_M3		20	0.99473813587983			NO	
F	GSE241132	06_results/gateA/TWPS_PRIMARY_D7_M3_CORE100.tsv								3							2.91026558410061	3		2.35687641587394	3			UBE2M			D7_M3		21	0.99456173289672			NO	
F	GSE241132	06_results/gateA/TWPS_PRIMARY_D7_M3_CORE100.tsv								3							4.58188962711845	3		1.36446472556713	3			POPDC3			D7_M3		22	0.996475800545237			NO	
F	GSE241132	06_results/gateA/TWPS_PRIMARY_D7_M3_CORE100.tsv								3							3.39718867293675	3		2.02016087220249	3			INHBA			D7_M3		23	0.99531843681112			NO	
F	GSE241132	06_results/gateA/TWPS_PRIMARY_D7_M3_CORE100.tsv								3							3.28652199243	3		1.98992998159452	3			ATAD3A			D7_M3		24	0.996098343395171			NO	
F	GSE241132	06_results/gateA/TWPS_PRIMARY_D7_M3_CORE100.tsv								3							4.14333961747982	3		1.43237129269962	3			MYG1-AS1			D7_M3		25	0.998149717440404			NO	
F	GSE241132	06_results/gateA/TWPS_PRIMARY_D7_M3_CORE100.tsv								3							3.45570646778527	3		1.76004768130212	3			LINC01060			D7_M3		26	0.996861463047484			NO	
F	GSE241132	06_results/gateA/TWPS_PRIMARY_D7_M3_CORE100.tsv								3							3.49378973041029	3		1.5467696681504	3			C3orf80			D7_M3		27	0.987488270208305			NO	
F	GSE241132	06_results/gateA/TWPS_PRIMARY_D7_M3_CORE100.tsv								3							2.36447702719951	3		2.1543430671189	3			MCM4			D7_M3		28	0.996391415724711			NO	
F	GSE241132	06_results/gateA/TWPS_PRIMARY_D7_M3_CORE100.tsv								3							2.67651706837926	3		1.95870917171376	3			SLC2A6			D7_M3		29	0.965484408798444			NO	
F	GSE241132	06_results/gateA/TWPS_PRIMARY_D7_M3_CORE100.tsv								3							2.49992695501093	3		1.97941731780885	3			TEDC2			D7_M3		30	0.98972269100812			NO	
F	GSE241132	06_results/gateA/TWPS_PRIMARY_D7_M3_CORE100.tsv								3							2.85763900642709	3		1.66889487681851	3			RDH8			D7_M3		31	0.986904433194599			NO	
F	GSE241132	06_results/gateA/TWPS_PRIMARY_D7_M3_CORE100.tsv								3							2.39052607463322	3		1.79964893716737	3			SMOX			D7_M3		32	0.947497919126991			NO	
F	GSE241132	06_results/gateA/TWPS_PRIMARY_D7_M3_CORE100.tsv								3							2.2987878893735	3		1.83184320458997	3			MDFIC			D7_M3		33	0.989101070539316			NO	
F	GSE241132	06_results/gateA/TWPS_PRIMARY_D7_M3_CORE100.tsv								3							4.15690421827232	3		0.722988748879419	3			PPP1R14B-AS1			D7_M3		34	0.995613882640777			NO	
F	GSE241132	06_results/gateA/TWPS_PRIMARY_D7_M3_CORE100.tsv								3							2.66929438627158	3		1.58730120585782	3			FOXL1			D7_M3		35	0.989457073371611			NO	
F	GSE241132	06_results/gateA/TWPS_PRIMARY_D7_M3_CORE100.tsv								3							2.18864505639735	3		1.83736312831879	3			CDC25A			D7_M3		36	0.995654086344888			NO	
F	GSE241132	06_results/gateA/TWPS_PRIMARY_D7_M3_CORE100.tsv								3							2.2621442825088	3		1.75496031195973	3			FGF1			D7_M3		37	0.983675506712303			NO	
F	GSE241132	06_results/gateA/TWPS_PRIMARY_D7_M3_CORE100.tsv								3							2.60937939688141	3		1.47173811923456	3			LRR1			D7_M3		38	0.996830403036733			NO	
F	GSE241132	06_results/gateA/TWPS_PRIMARY_D7_M3_CORE100.tsv								3							3.54523320901078	3		0.903140852529518	3			ARSI			D7_M3		39	0.991572064483111			NO	
F	GSE241132	06_results/gateA/TWPS_PRIMARY_D7_M3_CORE100.tsv								3							3.93612338922095	3		0.656237761913065	3			TUBB3			D7_M3		40	0.996547416774966			NO	
F	GSE241132	06_results/gateA/TWPS_PRIMARY_D7_M3_CORE100.tsv								3							2.7186218093531	3		1.35840801802607	3			LINC01524			D7_M3		41	0.962044857431622			NO	
F	GSE241132	06_results/gateA/TWPS_PRIMARY_D7_M3_CORE100.tsv								3							2.68664945496769	3		1.3614558923296	3			MFSD12			D7_M3		42	0.994165488034832			NO	
F	GSE241132	06_results/gateA/TWPS_PRIMARY_D7_M3_CORE100.tsv								3							2.31198189576954	3		1.5533134046426	3			PANO1			D7_M3		43	0.986128071800071			NO	
F	GSE241132	06_results/gateA/TWPS_PRIMARY_D7_M3_CORE100.tsv								3							2.36873534275322	3		1.51826469439277	3			OAF			D7_M3		44	0.969660995793726			NO	
F	GSE241132	06_results/gateA/TWPS_PRIMARY_D7_M3_CORE100.tsv								3							1.86161897239492	3		1.78650498614025	3			ARNTL2			D7_M3		45	0.963091316937721			NO	
F	GSE241132	06_results/gateA/TWPS_PRIMARY_D7_M3_CORE100.tsv								3							2.90947044046923	3		1.15354171771915	3			IGFLR1			D7_M3		46	0.970079040661388			NO	
F	GSE241132	06_results/gateA/TWPS_PRIMARY_D7_M3_CORE100.tsv								3							1.92904186121165	3		1.6709163288208	3			CHST2			D7_M3		47	0.959953364702057			NO	
F	GSE241132	06_results/gateA/TWPS_PRIMARY_D7_M3_CORE100.tsv								3							2.71518733047154	3		1.20859042379284	3			SELPLG			D7_M3		48	0.979427011847996			NO	
F	GSE241132	06_results/gateA/TWPS_PRIMARY_D7_M3_CORE100.tsv								3							2.15498382359366	3		1.52984999871612	3			MYDGF			D7_M3		49	0.972312331928761			NO	
F	GSE241132	06_results/gateA/TWPS_PRIMARY_D7_M3_CORE100.tsv								3							2.67935246563097	3		1.20740882338408	3			DTYMK			D7_M3		50	0.993854363126495			NO	
F	GSE241132	06_results/gateA/TWPS_PRIMARY_D7_M3_CORE100.tsv								3							1.9643957755732	3		1.58191733656627	3			FEN1			D7_M3		51	0.988385457425645			NO	
F	GSE241132	06_results/gateA/TWPS_PRIMARY_D7_M3_CORE100.tsv								3							2.95640506067449	3		0.979138502501549	3			GLIPR1			D7_M3		52	0.990435261752811			NO	
F	GSE241132	06_results/gateA/TWPS_PRIMARY_D7_M3_CORE100.tsv								3							2.01274987792	3		1.54323533341966	3			LINC01588			D7_M3		53	0.979845179381659			NO	
F	GSE241132	06_results/gateA/TWPS_PRIMARY_D7_M3_CORE100.tsv								3							2.4662575631353	3		1.245212283766	3			POLE2			D7_M3		54	0.982750511046163			NO	
F	GSE241132	06_results/gateA/TWPS_PRIMARY_D7_M3_CORE100.tsv								3							2.59433989451543	3		1.16877286499328	3			PAFAH1B3			D7_M3		55	0.978205363587158			NO	
F	GSE241132	06_results/gateA/TWPS_PRIMARY_D7_M3_CORE100.tsv								3							2.07194244921094	3		1.3969773167951	3			TUBG1			D7_M3		56	0.980398996937791			NO	
F	GSE241132	06_results/gateA/TWPS_PRIMARY_D7_M3_CORE100.tsv								3							2.43596678081565	3		1.18713938977662	3			XKR8			D7_M3		57	0.973053018920026			NO	
F	GSE241132	06_results/gateA/TWPS_PRIMARY_D7_M3_CORE100.tsv								3							2.33307282417495	3		1.23310821254705	3			PKM			D7_M3		58	0.99783015406719			NO	
F	GSE241132	06_results/gateA/TWPS_PRIMARY_D7_M3_CORE100.tsv								3							1.83739786258204	3		1.51493144682744	3			PFKP			D7_M3		59	0.992521285595597			NO	
F	GSE241132	06_results/gateA/TWPS_PRIMARY_D7_M3_CORE100.tsv								3							2.37246439705806	3		1.18007989523809	3			MYCBP			D7_M3		60	0.995223645276352			NO	
F	GSE241132	06_results/gateA/TWPS_PRIMARY_D7_M3_CORE100.tsv								3							2.21626216512171	3		1.31144440834399	3			STAR			D7_M3		61	0.911997206062791			NO	
F	GSE241132	06_results/gateA/TWPS_PRIMARY_D7_M3_CORE100.tsv								3							2.0821617969888	3		1.33570305985434	3			CA12			D7_M3		62	0.957756410110295			NO	
F	GSE241132	06_results/gateA/TWPS_PRIMARY_D7_M3_CORE100.tsv								3							2.16059266793832	3		1.28964076305618	3			MMD			D7_M3		63	0.982033817030456			NO	
F	GSE241132	06_results/gateA/TWPS_PRIMARY_D7_M3_CORE100.tsv								3							2.54864844507472	3		1.04965020098254	3			RGS17			D7_M3		64	0.973389336025133			NO	
F	GSE241132	06_results/gateA/TWPS_PRIMARY_D7_M3_CORE100.tsv								3							2.18408051398856	3		1.26057928056974	3			GJC1			D7_M3		65	0.984966780186314			NO	
F	GSE241132	06_results/gateA/TWPS_PRIMARY_D7_M3_CORE100.tsv								3							2.03062314831363	3		1.34651953119852	3			RPA3			D7_M3		66	0.993376242352914			NO	
F	GSE241132	06_results/gateA/TWPS_PRIMARY_D7_M3_CORE100.tsv								3							2.14793884101612	3		1.28165247713544	3			B3GALT6			D7_M3		67	0.968635154628367			NO	
F	GSE241132	06_results/gateA/TWPS_PRIMARY_D7_M3_CORE100.tsv								3							1.89901942832177	3		1.40652103950452	3			POLA2			D7_M3		68	0.988965305395977			NO	
F	GSE241132	06_results/gateA/TWPS_PRIMARY_D7_M3_CORE100.tsv								3							2.26622846093634	3		1.34675343965348	3			HGH1			D7_M3		69	0.989425420117078			NO	
F	GSE241132	06_results/gateA/TWPS_PRIMARY_D7_M3_CORE100.tsv								3							3.39555403480166	3		0.47581684530061	3			LGI2			D7_M3		70	0.993161675213396			NO	
F	GSE241132	06_results/gateA/TWPS_PRIMARY_D7_M3_CORE100.tsv								3							2.56208860476241	3		0.986546536506806	3			GAPDH			D7_M3		71	0.992984587049736			NO	
F	GSE241132	06_results/gateA/TWPS_PRIMARY_D7_M3_CORE100.tsv								3							3.47374604330482	3		0.404996320162567	3			SLC12A8			D7_M3		72	0.98182457476831			NO	
F	GSE241132	06_results/gateA/TWPS_PRIMARY_D7_M3_CORE100.tsv								3							2.42645784707456	3		1.03177952662399	3			P4HB			D7_M3		73	0.975760214477303			NO	
F	GSE241132	06_results/gateA/TWPS_PRIMARY_D7_M3_CORE100.tsv								3							1.81899540398039	3		1.40610896671676	3			NT5M			D7_M3		74	0.97680982679791			NO	
F	GSE241132	06_results/gateA/TWPS_PRIMARY_D7_M3_CORE100.tsv								3							2.05015862699861	3		1.24023383427681	3			FGF18			D7_M3		75	0.994572367842496			NO	
F	GSE241132	06_results/gateA/TWPS_PRIMARY_D7_M3_CORE100.tsv								3							2.83838993010274	3		0.766560573850538	3			ANKRD2			D7_M3		76	0.992707664027399			NO	
F	GSE241132	06_results/gateA/TWPS_PRIMARY_D7_M3_CORE100.tsv								3							3.13167527270796	3		0.58130177447982	3			ADAM19			D7_M3		77	0.9912378238513			NO	
F	GSE241132	06_results/gateA/TWPS_PRIMARY_D7_M3_CORE100.tsv								3							2.18192224103099	3		1.16154788782187	3			SLC52A2			D7_M3		78	0.975026710831705			NO	
F	GSE241132	06_results/gateA/TWPS_PRIMARY_D7_M3_CORE100.tsv								3							1.71860111077877	3		1.42091608860454	3			PLEKHO1			D7_M3		79	0.991139401075901			NO	
F	GSE241132	06_results/gateA/TWPS_PRIMARY_D7_M3_CORE100.tsv								3							2.21158841059122	3		1.09376452607932	3			TXNL4A			D7_M3		80	0.975921991139515			NO	
F	GSE241132	06_results/gateA/TWPS_PRIMARY_D7_M3_CORE100.tsv								3							2.12707282411032	3		1.12580074305922	3			SEC11C			D7_M3		81	0.992016704031457			NO	
F	GSE241132	06_results/gateA/TWPS_PRIMARY_D7_M3_CORE100.tsv								3							2.21253619842089	3		1.08736308235678	3			ACAA2			D7_M3		82	0.965896477555691			NO	
F	GSE241132	06_results/gateA/TWPS_PRIMARY_D7_M3_CORE100.tsv								3							1.84526601907261	3		1.27468455733874	3			LDHB			D7_M3		83	0.980029860067009			NO	
F	GSE241132	06_results/gateA/TWPS_PRIMARY_D7_M3_CORE100.tsv								3							2.31271603233053	3		0.938340888058142	3			RFC4			D7_M3		84	0.9896614571071			NO	
F	GSE241132	06_results/gateA/TWPS_PRIMARY_D7_M3_CORE100.tsv								3							1.57272148292313	3		1.36760769055614	3			C12orf75			D7_M3		85	0.94867246240033			NO	
F	GSE241132	06_results/gateA/TWPS_PRIMARY_D7_M3_CORE100.tsv								3							1.86492847194258	3		1.19737536591961	3			NACC1			D7_M3		86	0.981013285616314			NO	
F	GSE241132	06_results/gateA/TWPS_PRIMARY_D7_M3_CORE100.tsv								3							2.02282281138	3		1.09262441815346	3			GALE			D7_M3		87	0.970062832675409			NO	
F	GSE241132	06_results/gateA/TWPS_PRIMARY_D7_M3_CORE100.tsv								3							2.85280033470057	3		0.577378802804148	3			FKBP11			D7_M3		88	0.982318221568759			NO	
F	GSE241132	06_results/gateA/TWPS_PRIMARY_D7_M3_CORE100.tsv								3							2.71251120114713	3		0.663995674269843	3			TUBA1C			D7_M3		89	0.976397458545736			NO	
F	GSE241132	06_results/gateA/TWPS_PRIMARY_D7_M3_CORE100.tsv								3							1.71088605927707	3		1.23707736396571	3			KNSTRN			D7_M3		90	0.98005388743544			NO	
F	GSE241132	06_results/gateA/TWPS_PRIMARY_D7_M3_CORE100.tsv								3							2.02063628062226	3		1.05543147052338	3			TSPAN17			D7_M3		91	0.98980163682508			NO	
F	GSE241132	06_results/gateA/TWPS_PRIMARY_D7_M3_CORE100.tsv								3							2.62764540710107	3		0.692708875823684	3			LINC01303			D7_M3		92	0.966654254400448			NO	
F	GSE241132	06_results/gateA/TWPS_PRIMARY_D7_M3_CORE100.tsv								3							1.90069875376595	3		1.14103905548178	3			SRD5A3			D7_M3		93	0.955734304802155			NO	
F	GSE241132	06_results/gateA/TWPS_PRIMARY_D7_M3_CORE100.tsv								3							2.01651628064458	3		1.04460569443078	3			PAICS			D7_M3		94	0.990601435396196			NO	
F	GSE241132	06_results/gateA/TWPS_PRIMARY_D7_M3_CORE100.tsv								3							1.7730767412517	3		1.18968190784822	3			SHMT2			D7_M3		95	0.989728379110101			NO	
F	GSE241132	06_results/gateA/TWPS_PRIMARY_D7_M3_CORE100.tsv								3							1.68466503558172	3		1.24330393914859	3			PDIA6			D7_M3		96	0.981937483086174			NO	
F	GSE241132	06_results/gateA/TWPS_PRIMARY_D7_M3_CORE100.tsv								3							1.69139222879822	3		1.22912019278618	3			SLC25A39			D7_M3		97	0.96483083214768			NO	
F	GSE241132	06_results/gateA/TWPS_PRIMARY_D7_M3_CORE100.tsv								3							1.61218886388444	3		1.26462120651667	3			POLDIP2			D7_M3		98	0.979331614219342			NO	
F	GSE241132	06_results/gateA/TWPS_PRIMARY_D7_M3_CORE100.tsv								3							2.69457539063563	3		0.584816705503429	3			ADGRL4			D7_M3		99	0.964624233905705			NO	
F	GSE241132	06_results/gateA/TWPS_PRIMARY_D7_M3_CORE100.tsv								3							1.62787274971752	3		1.2143366451442	3			VASP			D7_M3		100	0.959409655096337			NO	
